City ID,City,Country,Lat,Lng,Max Temp,Humidity,Cloudiness,Wind Speed,Current Description
0,Lujiang,CN,31.2581,117.2817,86.85,71,0,1.5,clear sky
1,Oksfjord,NO,70.2396,22.3479,57.38,79,60,2.19,broken clouds
2,Launceston,AU,-41.45,147.1667,54.61,73,40,13.8,scattered clouds
3,Yellowknife,CA,62.456,-114.3525,68.52,40,40,9.22,scattered clouds
4,Hamilton,US,39.1834,-84.5333,75.31,82,0,6.91,clear sky
5,Punta Arenas,CL,-53.15,-70.9167,42.91,75,75,8.05,broken clouds
6,Roma,US,43.2128,-75.4557,72.88,88,100,2.8,overcast clouds
7,Yumen,CN,40.2833,97.2,76.3,32,31,14.03,scattered clouds
8,Ushuaia,AR,-54.8,-68.3,35.26,93,40,3.44,scattered clouds
9,Luanda,AO,-8.8368,13.2343,68.0,94,20,6.91,few clouds
10,Gizo,SB,-8.103,156.8419,84.52,68,4,3.67,clear sky
11,Cape Town,ZA,-33.9258,18.4232,55.38,76,0,8.01,clear sky
12,Hithadhoo,MV,-0.6,73.0833,80.73,74,100,16.35,overcast clouds
13,Avarua,CK,-21.2078,-159.775,77.05,73,20,14.97,few clouds
14,Rikitea,PF,-23.1203,-134.9692,72.46,73,100,23.82,light rain
15,San Carlos De Bariloche,AR,-41.1456,-71.3082,36.25,75,75,5.75,broken clouds
16,Barrow,US,71.2906,-156.7887,35.62,87,75,9.22,broken clouds
17,Porto Novo,BJ,6.4965,2.6036,75.02,81,100,12.46,overcast clouds
18,Pangnirtung,CA,66.1451,-65.7125,48.27,82,100,1.39,overcast clouds
19,Castro,BR,-24.7911,-50.0119,52.38,78,0,2.42,clear sky
20,Bluff,NZ,-46.6,168.3333,50.81,76,100,17.27,overcast clouds
21,East London,ZA,-33.0153,27.9116,53.85,63,0,7.34,clear sky
22,Atuona,PF,-9.8,-139.0333,77.05,73,14,12.68,few clouds
23,Montreal,CA,45.5088,-73.5878,75.92,64,75,10.36,broken clouds
24,Kahului,US,20.8947,-156.47,87.82,56,20,19.57,few clouds
25,Salalah,OM,17.0151,54.0924,77.09,88,75,8.05,broken clouds
26,Itarema,BR,-2.9248,-39.9167,78.55,83,2,13.94,clear sky
27,Jamestown,US,42.097,-79.2353,74.84,73,20,4.61,few clouds
28,Tim,RU,51.6222,37.1244,57.76,64,99,8.08,overcast clouds
29,Blagoyevo,RU,63.3667,47.9167,57.92,99,75,3.67,broken clouds
30,Lorengau,PG,-2.0226,147.2712,85.41,68,99,11.79,overcast clouds
31,Bredasdorp,ZA,-34.5322,20.0403,41.77,83,0,3.56,clear sky
32,Mar Del Plata,AR,-38.0023,-57.5575,55.09,86,0,4.61,clear sky
33,Zhezkazgan,KZ,47.8043,67.7144,60.78,59,0,6.71,clear sky
34,Bubaque,GW,11.2833,-15.8333,79.21,78,100,15.9,overcast clouds
35,Mount Gambier,AU,-37.8333,140.7667,53.49,79,5,13.65,clear sky
36,Airai,TL,-8.9266,125.4092,69.22,63,60,2.84,broken clouds
37,Moindou,NC,-21.6924,165.677,73.67,67,52,7.52,broken clouds
38,Thompson,CA,55.7435,-97.8558,57.36,94,75,3.44,broken clouds
39,Mariel,CU,22.9875,-82.7536,84.25,86,15,12.95,light rain
40,Half Moon Bay,US,37.4636,-122.4286,80.53,77,40,18.41,scattered clouds
41,Quang Ngai,VN,15.1167,108.8,85.23,63,44,4.32,scattered clouds
42,Port Alfred,ZA,-33.5906,26.891,52.2,73,0,9.66,clear sky
43,Santa Lucia,ES,27.9117,-15.5407,65.52,78,20,27.63,few clouds
44,Vaini,TO,-21.2,-175.2,80.76,89,75,6.91,broken clouds
45,Ilulissat,GL,69.2167,-51.1,39.09,83,59,5.39,broken clouds
46,Albany,US,42.6001,-73.9662,75.85,68,100,2.48,overcast clouds
47,Saint-Philippe,RE,-21.3585,55.7679,67.59,81,44,13.56,scattered clouds
48,Nueve De Julio,AR,-35.4444,-60.8831,53.8,64,2,7.65,clear sky
49,Stara Synyava,UA,49.6032,27.6191,62.53,73,100,4.56,overcast clouds
50,Kaitangata,NZ,-46.2817,169.8464,47.48,64,100,7.85,overcast clouds
51,Rosetta,EG,31.4044,30.4164,78.46,74,0,12.95,clear sky
52,Avera,US,33.194,-82.5271,87.31,39,25,6.22,scattered clouds
53,Hobart,AU,-42.8794,147.3294,51.26,71,75,11.5,broken clouds
54,Hilo,US,19.7297,-155.09,86.29,67,0,13.8,clear sky
55,Tuktoyaktuk,CA,69.4541,-133.0374,64.4,48,40,3.44,scattered clouds
56,Iqaluit,CA,63.7506,-68.5145,47.93,82,75,10.36,broken clouds
57,Hermanus,ZA,-34.4187,19.2345,38.8,73,0,6.58,clear sky
58,Iranshahr,IR,27.2025,60.6848,88.14,58,0,0.0,clear sky
59,San Juan Del Sur,NI,11.2529,-85.8705,79.97,81,98,17.94,overcast clouds
60,Klaksvik,FO,62.2266,-6.589,50.58,83,86,13.78,overcast clouds
61,Galesong,ID,-5.3166,119.3661,78.82,78,99,2.3,overcast clouds
62,Bara,NG,10.3744,10.7288,73.47,90,100,7.18,overcast clouds
63,Chuy,UY,-33.6971,-53.4616,47.82,81,91,3.53,overcast clouds
64,Gamba,GA,-2.65,10.0,71.65,92,89,7.38,overcast clouds
65,Saint George,US,37.1041,-113.5841,89.64,48,0,13.8,clear sky
66,Hami,CN,42.8,93.45,86.4,25,100,6.78,overcast clouds
67,Kodiak,US,57.79,-152.4072,63.91,68,100,4.61,overcast clouds
68,Busselton,AU,-33.65,115.3333,60.01,88,100,23.35,light rain
69,Clyde River,CA,70.4692,-68.5914,35.83,100,100,4.61,overcast clouds
70,Bethel,US,41.3712,-73.414,77.83,65,100,5.23,overcast clouds
71,Asau,RO,46.4333,26.4,60.28,94,6,5.35,clear sky
72,Bitung,ID,1.4451,125.1824,86.85,71,100,4.47,overcast clouds
73,Ouadda,CF,8.0777,22.4007,67.24,99,100,1.14,light rain
74,Bembereke,BJ,10.2283,2.6634,69.69,96,96,7.56,overcast clouds
75,Praia,CV,14.9215,-23.5087,77.54,73,75,11.5,broken clouds
76,Limon,CR,10.0,-83.0333,80.49,83,0,2.3,clear sky
77,Selma,US,36.5708,-119.6121,101.23,31,75,3.44,broken clouds
78,Ribeira Grande,PT,38.5167,-28.7,73.76,76,19,5.32,few clouds
79,Havre-Saint-Pierre,CA,50.2334,-63.5986,59.36,94,40,10.36,scattered clouds
80,Carnarvon,AU,-24.8667,113.6333,69.42,75,100,15.75,light rain
81,Xunchang,CN,28.4543,104.715,81.14,72,98,1.92,overcast clouds
82,Cortez,US,37.3489,-108.5859,76.93,50,40,10.36,scattered clouds
83,Iztapa,GT,13.9333,-90.7075,78.85,83,75,5.75,broken clouds
84,Tuatapere,NZ,-46.1333,167.6833,48.76,81,100,8.59,light rain
85,Ponta Do Sol,PT,32.6667,-17.1,72.01,78,3,3.0,clear sky
86,Kapaa,US,22.0752,-159.319,84.52,68,40,17.27,scattered clouds
87,Tynda,RU,55.1667,124.7167,65.93,87,100,3.18,overcast clouds
88,Nikolskoye,RU,59.7035,30.7861,58.8,84,100,4.32,overcast clouds
89,Grand-Santi,GF,4.25,-54.3833,72.32,98,98,2.04,overcast clouds
90,Tasiilaq,GL,65.6145,-37.6368,38.97,50,23,4.99,few clouds
91,Borova,UA,50.1763,30.1043,65.34,64,100,6.2,overcast clouds
92,Bad Durkheim,DE,49.4686,8.1664,74.66,80,15,4.29,few clouds
93,Sao Miguel Do Araguaia,BR,-13.275,-50.1628,75.24,22,0,2.8,clear sky
94,Marystown,CA,47.1666,-55.1483,63.86,100,30,8.01,scattered clouds
95,Tiksi,RU,71.6872,128.8694,40.64,94,100,17.74,moderate rain
96,Fortuna,US,40.5982,-124.1573,71.92,76,0,13.8,clear sky
97,Am Timan,TD,11.0297,20.2827,71.2,95,100,4.56,overcast clouds
98,Vestmannaeyjar,IS,63.4427,-20.2734,49.23,75,66,18.34,broken clouds
99,Tonota,BW,-21.4833,27.4833,57.09,25,0,7.76,clear sky
100,Uppsala,SE,60.0,17.75,62.04,77,100,6.91,overcast clouds
101,Guerrero Negro,MX,27.9769,-114.0611,79.03,55,18,14.03,few clouds
102,Ancud,CL,-41.8697,-73.8203,42.22,84,100,1.23,overcast clouds
103,Aginskoye,RU,51.1,114.53,73.17,54,40,9.08,scattered clouds
104,Sao Joao Da Barra,BR,-21.6403,-41.0511,67.3,72,0,6.06,clear sky
105,Mahebourg,MU,-20.4081,57.7,68.29,83,40,9.22,scattered clouds
106,Altay,CN,47.8667,88.1167,71.92,37,0,1.14,clear sky
107,Khatanga,RU,71.9667,102.5,48.16,64,60,10.71,broken clouds
108,Lavrentiya,RU,65.5833,-171.0,48.81,69,95,4.76,overcast clouds
109,Mataura,NZ,-46.1927,168.8643,50.49,73,100,9.24,overcast clouds
110,Leh,IN,34.1667,77.5833,58.8,58,79,5.93,broken clouds
111,Mana,GF,5.6592,-53.7767,77.95,86,99,5.79,overcast clouds
112,Goundam,ML,16.4145,-3.6708,92.48,35,96,7.83,light rain
113,Berdigestyakh,RU,62.0989,126.6992,68.85,80,100,5.61,overcast clouds
114,Batemans Bay,AU,-35.7167,150.1833,58.1,46,2,12.24,clear sky
115,Padang,ID,-0.9492,100.3543,77.05,82,100,3.02,overcast clouds
116,Talnakh,RU,69.4865,88.3972,47.21,56,2,19.77,clear sky
117,Port Blair,IN,11.6667,92.75,78.84,94,40,2.3,scattered clouds
118,Paamiut,GL,61.994,-49.6678,45.93,88,100,5.03,overcast clouds
119,Faanui,PF,-16.4833,-151.75,78.64,71,15,24.58,light rain
120,Lompoc,US,34.6391,-120.4579,77.85,71,0,14.97,clear sky
121,Puerto Del Rosario,ES,28.5004,-13.8627,73.15,83,100,12.66,overcast clouds
122,Aswan,EG,24.0934,32.907,87.1,20,0,3.44,clear sky
123,Upernavik,GL,72.7868,-56.1549,48.76,68,100,0.45,overcast clouds
124,Wundanyi,KE,-3.4019,38.364,57.33,82,52,6.4,broken clouds
125,Victoria,HK,22.2855,114.1577,91.26,75,97,1.99,overcast clouds
126,Noumea,NC,-22.2763,166.4572,75.18,99,96,13.71,overcast clouds
127,Saint Anthony,US,45.0205,-93.218,83.93,67,20,11.5,few clouds
128,Port Macquarie,AU,-31.4333,152.9167,62.89,59,100,8.14,overcast clouds
129,Beloha,MG,-25.1667,45.05,63.84,93,2,5.03,clear sky
130,Kavieng,PG,-2.5744,150.7967,85.17,69,84,14.36,broken clouds
131,Sainte-Suzanne,RE,-20.9061,55.6089,68.22,71,20,9.22,light rain
132,Constitucion,CL,-35.3333,-72.4167,48.88,90,100,3.98,overcast clouds
133,Broome,US,42.2506,-75.833,72.36,82,95,3.04,overcast clouds
134,Zhigansk,RU,66.7697,123.3711,70.47,65,48,3.33,scattered clouds
135,Olesnica,PL,51.2134,17.3899,59.59,90,2,5.77,clear sky
136,Ulladulla,AU,-35.35,150.4667,61.7,53,0,12.86,clear sky
137,Provideniya,RU,64.3833,-173.3,50.36,76,0,7.0,clear sky
138,Scarborough,GB,54.2797,-0.4044,55.33,88,100,4.29,overcast clouds
139,Arraial Do Cabo,BR,-22.9661,-42.0278,68.34,69,0,10.04,clear sky
140,Tuzha,RU,57.6062,47.936,55.6,85,32,4.36,scattered clouds
141,Kaspiysk,RU,42.8816,47.6392,66.38,77,4,8.95,clear sky
142,Narsaq,GL,60.9167,-46.05,47.19,86,99,2.86,overcast clouds
143,Ende,ID,-8.8432,121.6623,82.44,65,9,0.25,clear sky
144,Auki,SB,-8.7676,160.7034,85.68,64,12,5.19,few clouds
145,Butaritari,KI,3.0707,172.7902,81.48,78,73,13.11,broken clouds
146,Norman Wells,CA,65.282,-126.8329,73.44,46,20,10.36,few clouds
147,Flinders,AU,-34.5833,150.8552,63.37,66,2,5.99,clear sky
148,Nador,MA,35.174,-2.9287,78.87,89,5,5.73,clear sky
149,Rock Springs,US,41.5875,-109.2029,91.24,19,11,5.37,few clouds
150,Saldanha,ZA,-33.0117,17.9442,41.05,79,0,13.35,clear sky
151,North Platte,US,41.1239,-100.7654,90.12,49,42,7.0,scattered clouds
152,Penon Blanco,MX,24.7897,-104.0369,81.64,26,41,14.76,scattered clouds
153,Lagoa,PT,39.05,-27.9833,72.41,74,0,7.74,clear sky
154,Mogapinyana,BW,-22.3667,27.6,58.64,27,0,11.68,clear sky
155,Union Hidalgo,MX,16.4723,-94.8295,79.7,79,66,17.74,broken clouds
156,Upata,VE,8.0086,-62.3989,76.19,96,100,4.63,overcast clouds
157,Esna,EG,25.2934,32.554,82.42,22,23,7.45,few clouds
158,College,US,64.8569,-147.8028,66.29,74,75,0.0,broken clouds
159,Dhidhdhoo,MV,6.8833,73.1,77.4,85,100,35.75,moderate rain
160,Paoua,CF,7.2427,16.4406,67.8,95,100,3.49,overcast clouds
161,Longyearbyen,SJ,78.2186,15.6401,49.84,81,40,10.36,scattered clouds
162,Atar,MR,20.5169,-13.0499,90.55,43,0,9.93,clear sky
163,Turukhansk,RU,65.8167,87.9833,50.65,70,98,12.53,overcast clouds
164,Bambous Virieux,MU,-20.3428,57.7575,68.25,83,40,9.22,scattered clouds
165,Sarakhs,IR,36.5449,61.1577,78.46,28,0,2.98,clear sky
166,Rocha,UY,-34.4833,-54.3333,47.84,80,65,4.09,broken clouds
167,Ploemeur,FR,47.7333,-3.4333,66.29,82,100,6.91,overcast clouds
168,Katsuura,JP,35.1333,140.3,86.59,72,96,8.79,overcast clouds
169,Mabaruma,GY,8.2,-59.7833,75.33,89,22,3.13,few clouds
170,Pevek,RU,69.7008,170.3133,50.77,59,0,11.43,clear sky
171,Fredericksburg,US,38.3032,-77.4605,74.21,86,100,0.0,light intensity drizzle
172,Krasnoselkup,RU,65.7,82.4667,48.11,64,0,23.94,clear sky
173,Long Beach,US,33.767,-118.1892,90.97,68,40,10.36,scattered clouds
174,Russkiy Aktash,RU,55.0384,52.1214,61.63,89,90,3.51,overcast clouds
175,Port Elizabeth,ZA,-33.918,25.5701,48.31,86,0,5.75,clear sky
176,Lebu,CL,-37.6167,-73.65,46.62,83,100,4.27,overcast clouds
177,Matagami,CA,49.7502,-77.6328,68.11,83,75,3.44,broken clouds
178,Puerto Ayora,EC,-0.7393,-90.3518,71.55,91,77,5.01,broken clouds
179,Sovetskiy,RU,61.3614,63.5842,54.68,66,100,5.77,overcast clouds
180,Kununurra,AU,-15.7667,128.7333,76.98,31,56,4.61,broken clouds
181,Waynesville,US,35.4887,-82.9887,73.49,92,93,1.01,overcast clouds
182,Maihar,IN,24.2667,80.75,79.92,80,70,5.77,broken clouds
183,Bjornevatn,NO,69.6672,29.9847,53.94,100,100,3.44,fog
184,Fort-Shevchenko,KZ,44.5086,50.263,80.02,62,6,10.58,clear sky
185,Sembakung,ID,3.8167,117.25,74.86,98,100,2.28,overcast clouds
186,Gat,IL,31.61,34.7642,75.88,74,0,2.42,clear sky
187,Rorvik,NO,64.8621,11.2373,53.98,92,100,18.23,moderate rain
188,Madimba,TZ,-10.4,40.3333,68.41,90,0,5.91,clear sky
189,Cidreira,BR,-30.1811,-50.2056,58.66,89,3,9.53,clear sky
190,Vysha,RU,53.8477,42.3777,55.8,74,96,5.28,overcast clouds
191,Vega De Alatorre,MX,20.0333,-96.6333,80.53,75,96,3.6,overcast clouds
192,Qasigiannguit,GL,68.8193,-51.1922,37.33,96,86,3.78,overcast clouds
193,Brylivka,UA,46.4248,33.1472,71.73,49,100,4.94,overcast clouds
194,Necochea,AR,-38.5473,-58.7368,50.68,80,99,7.45,overcast clouds
195,Dikson,RU,73.5069,80.5464,41.25,94,100,9.55,overcast clouds
196,Sao Jose Da Coroa Grande,BR,-8.8978,-35.1478,74.98,84,7,9.71,clear sky
197,Komsomolskiy,UZ,40.4272,71.7189,75.92,38,36,2.3,scattered clouds
198,Svetlogorsk,BY,52.6333,29.7333,58.82,82,77,7.0,broken clouds
199,Nemuro,JP,43.3236,145.575,59.14,86,100,8.77,moderate rain
200,Viedma,AR,-40.8135,-62.9967,45.23,70,100,6.85,overcast clouds
201,Georgetown,MY,5.4112,100.3354,81.9,87,40,1.14,thunderstorm
202,Hays,US,30.0502,-98.0336,96.71,34,100,4.0,overcast clouds
203,Chakia,IN,26.4167,85.05,83.61,77,100,2.26,overcast clouds
204,Price,US,39.5994,-110.8107,89.11,37,64,1.25,broken clouds
205,Hasaki,JP,35.7333,140.8333,93.29,69,100,4.63,overcast clouds
206,Tombouctou,ML,20.0,-3.0,93.13,31,69,4.76,broken clouds
207,Alta Floresta,BR,-9.8756,-56.0861,76.35,39,12,2.26,few clouds
208,San Lawrenz,MT,36.0553,14.204,78.85,87,0,4.25,clear sky
209,Cayenne,GF,4.9333,-52.3333,83.08,1,94,0.0,overcast clouds
210,Fasa,IR,28.9383,53.6482,72.64,88,0,0.0,clear sky
211,Alvarado,MX,18.7667,-95.7667,82.06,73,100,6.76,overcast clouds
212,Cam Ranh,VN,11.9214,109.1591,84.16,70,0,3.44,clear sky
213,Comrat,MD,46.3003,28.6572,66.13,91,100,2.35,overcast clouds
214,San Ramon,US,37.7799,-121.978,82.62,64,13,4.0,few clouds
215,Dali,CN,25.7,100.1833,62.64,96,100,1.57,overcast clouds
216,Buin,CL,-33.7333,-70.75,54.73,80,100,2.66,overcast clouds
217,Koppies,ZA,-27.2418,27.5742,47.41,62,8,12.93,clear sky
218,Saskylakh,RU,71.9167,114.0833,45.64,77,100,10.36,overcast clouds
219,Quatre Cocos,MU,-20.2078,57.7625,68.11,68,39,11.95,scattered clouds
220,Le Pont-De-Claix,FR,45.1244,5.7064,75.06,72,0,2.53,clear sky
221,Lasa,IT,46.6166,10.7002,59.36,88,0,4.32,clear sky
222,Nome,US,64.5011,-165.4064,58.15,78,100,8.19,overcast clouds
223,Gogrial,SS,8.5332,28.1004,69.96,95,57,4.32,broken clouds
224,Yingcheng,CN,30.95,113.55,83.77,71,0,3.36,clear sky
225,Loreto,MX,22.2667,-101.9667,68.77,48,88,6.38,overcast clouds
226,Makakilo City,US,21.3469,-158.0858,84.56,52,40,14.97,scattered clouds
227,Aykhal,RU,66.0,111.5,54.36,93,100,14.29,overcast clouds
228,Palmer,US,42.1584,-72.3287,76.21,76,100,4.76,overcast clouds
229,Comodoro Rivadavia,AR,-45.8667,-67.5,40.86,48,0,4.61,clear sky
230,Rosario,AR,-32.9468,-60.6393,60.94,67,0,6.91,clear sky
231,Richards Bay,ZA,-28.783,32.0377,60.35,75,100,9.55,overcast clouds
232,Sjovegan,NO,68.8726,17.8474,58.21,92,98,2.15,overcast clouds
233,Nanchang,CN,28.6833,115.8833,89.96,52,0,3.89,clear sky
234,Leningradskiy,RU,69.3833,178.4167,51.37,64,49,8.19,scattered clouds
235,Tilichiki,RU,60.4667,166.1,56.53,63,19,7.2,few clouds
236,Vostochnyy,RU,55.8167,37.8667,62.87,73,15,4.12,few clouds
237,Baturaja,ID,-4.1333,104.1667,76.78,91,56,2.73,broken clouds
238,Yar-Sale,RU,66.8333,70.8333,51.48,70,5,6.8,clear sky
239,Nalut,LY,30.3333,10.85,80.91,35,2,10.54,clear sky
240,San Patricio,US,28.017,-97.5169,90.54,60,100,14.14,overcast clouds
241,Lokosovo,RU,61.1333,74.8167,52.7,72,6,10.04,clear sky
242,Chilca,PE,-12.5211,-76.7372,60.19,85,92,6.76,overcast clouds
243,That Phanom,TH,16.9364,104.7104,77.02,92,100,2.59,overcast clouds
244,Batagay,RU,67.6333,134.6333,79.72,43,100,10.51,overcast clouds
245,Shawnee,US,39.05,-95.7669,88.95,75,7,1.99,clear sky
246,Paraiso,CR,9.8383,-83.8656,70.66,96,66,3.29,broken clouds
247,Tirat Karmel,IL,32.7617,34.9719,70.63,77,0,3.76,clear sky
248,San Cristobal,VE,7.7669,-72.225,69.98,99,100,1.79,overcast clouds
249,Ginda,IN,30.6945,78.4932,64.85,87,29,2.86,scattered clouds
250,Dongning,CN,44.0622,131.1207,75.15,96,100,2.06,overcast clouds
251,Araouane,ML,18.9048,-3.5265,91.83,35,58,10.07,broken clouds
252,Yueyang,CN,29.3333,113.0919,87.55,60,0,3.62,clear sky
253,Tubuala,PA,9.5167,-79.0333,80.31,85,95,6.08,overcast clouds
254,Bang Saphan,TH,11.2126,99.5117,79.61,89,100,4.23,overcast clouds
255,Fuerte Olimpo,PY,-21.0415,-57.8738,78.44,38,100,5.17,overcast clouds
256,Qaanaaq,GL,77.484,-69.3632,44.74,64,100,2.48,overcast clouds
257,New Norfolk,AU,-42.7826,147.0587,50.92,82,99,4.0,overcast clouds
258,Bintulu,MY,3.1667,113.0333,77.41,94,20,3.44,few clouds
259,Teluk Nibung,ID,3.001,99.8164,76.87,93,100,4.72,heavy intensity rain
260,Izhma,RU,65.0083,53.9113,62.17,53,100,7.36,overcast clouds
261,Salur,IN,18.5333,83.2167,81.19,84,100,0.72,overcast clouds
262,Saint-Joseph,RE,-21.3667,55.6167,66.58,79,26,9.46,scattered clouds
263,Marsa Matruh,EG,31.3525,27.2453,77.2,88,0,10.36,clear sky
264,Sitka,US,57.0531,-135.33,57.09,88,100,6.91,light rain
265,Ilhabela,BR,-23.7781,-45.3581,63.46,82,7,6.4,clear sky
266,Guiglo,CI,6.5456,-7.4966,71.65,91,100,4.12,overcast clouds
267,Broken Hill,AU,-31.95,141.4333,53.71,48,0,6.6,clear sky
268,Sao Gabriel Da Cachoeira,BR,-0.1303,-67.0892,76.51,86,86,1.43,overcast clouds
269,Torbay,CA,47.6666,-52.7314,68.77,77,20,17.27,few clouds
270,Cueto,CU,20.6439,-75.9356,79.75,84,16,12.8,few clouds
271,Bonavista,CA,48.6499,-53.1147,63.23,80,88,5.79,overcast clouds
272,Kananga,CD,-5.8958,22.4178,73.29,52,82,3.42,broken clouds
273,Nichinan,JP,31.6,131.3667,85.68,91,100,13.44,overcast clouds
274,Afsin,TR,38.2477,36.914,66.7,42,0,3.22,clear sky
275,Novyy Urengoy,RU,66.0833,76.6333,50.47,65,0,14.72,clear sky
276,Chokurdakh,RU,70.6333,147.9167,67.87,61,100,10.47,overcast clouds
277,Palm Bay,US,28.0345,-80.5887,85.06,82,14,3.0,few clouds
278,Mayumba,GA,-3.432,10.6554,69.67,96,100,6.2,overcast clouds
279,Xuddur,SO,4.1213,43.8894,68.41,84,0,19.1,clear sky
280,Vanimo,PG,-2.6741,141.3028,85.14,67,100,6.6,overcast clouds
281,Huicheng,CN,23.0385,116.2899,88.0,67,92,11.32,overcast clouds
282,Xam Nua,LA,20.4197,104.0439,71.29,94,98,0.4,overcast clouds
283,Beidao,CN,34.5686,105.8933,81.12,57,14,14.23,few clouds
284,Fare,PF,-16.7,-151.0167,78.37,72,5,24.29,light rain
285,Parvatsar,IN,26.8833,74.7667,77.36,86,100,12.57,overcast clouds
286,Lata,PT,40.1629,-8.3327,70.09,56,0,3.44,clear sky
287,Tapes,BR,-30.6733,-51.3958,53.4,89,0,1.39,clear sky
288,Yaan,NG,7.3833,8.5667,71.24,97,100,8.55,overcast clouds
289,Rajula,IN,21.05,71.4333,79.11,82,35,8.28,scattered clouds
290,Santa Cruz De La Palma,ES,28.6835,-17.7642,73.54,78,75,17.27,broken clouds
291,Naze,JP,28.3667,129.4833,81.52,83,100,20.76,overcast clouds
292,Kirakira,SB,-10.4544,161.9205,84.54,72,18,12.12,few clouds
293,San Vicente,AR,-26.6167,-54.1333,52.77,62,0,1.72,clear sky
294,Alekseyevsk,RU,57.8406,108.3492,64.76,91,95,4.23,overcast clouds
295,Namibe,AO,-15.1961,12.1522,56.93,80,4,10.58,clear sky
296,Visby,SE,57.6409,18.296,48.42,100,25,0.0,scattered clouds
297,Redlands,US,34.0556,-117.1825,93.85,40,23,5.99,few clouds
298,Nelson Bay,AU,-32.7167,152.15,60.01,84,100,7.0,light rain
299,Riyadh,SA,24.6877,46.7219,87.94,74,100,13.65,light rain
300,Ascension,US,30.2169,-90.9001,86.05,79,0,0.0,clear sky
301,Bulungu,CD,-4.55,18.6,75.61,44,0,2.86,clear sky
302,Flin Flon,CA,54.7682,-101.865,64.06,67,97,4.38,overcast clouds
303,Saint-Pierre,RE,-21.3393,55.4781,67.68,64,0,8.05,clear sky
304,Parabel,RU,58.6978,81.4825,53.15,72,100,13.13,overcast clouds
305,Fukuma,JP,33.7667,130.4667,93.2,56,31,8.08,scattered clouds
306,Plouzane,FR,48.3833,-4.6167,62.92,97,100,5.75,mist
307,Nanortalik,GL,60.1432,-45.2371,46.54,92,71,6.53,broken clouds
308,Saint-Augustin,CA,51.226,-58.6502,66.54,65,74,9.24,broken clouds
309,Yibin,CN,28.7667,104.6238,81.52,85,98,2.77,overcast clouds
310,Nouakchott,MR,18.0858,-15.9785,82.33,82,13,11.39,few clouds
311,Pisco,PE,-13.7,-76.2167,60.85,82,100,9.22,overcast clouds
312,Xai-Xai,MZ,-25.0519,33.6442,68.97,79,99,17.94,light rain
313,Bengkulu,ID,-3.8004,102.2655,77.85,82,83,3.04,broken clouds
314,Kerema,PG,-7.9631,145.7785,82.72,74,23,6.02,few clouds
315,Busia,UG,0.4544,34.0758,61.07,88,37,2.98,scattered clouds
316,Ahuimanu,US,21.4447,-157.8378,85.75,62,1,8.99,clear sky
317,Mayo,US,38.8876,-76.5119,74.14,91,100,5.75,moderate rain
318,Leshukonskoye,RU,64.8989,45.7622,57.78,97,100,2.28,overcast clouds
319,San Nicolas,PH,18.1725,120.5953,84.11,74,75,3.44,broken clouds
320,Caravelas,BR,-17.7125,-39.2481,69.84,90,81,7.72,broken clouds
321,Saint-Paul-Les-Dax,FR,43.7272,-1.0516,70.77,96,5,4.61,clear sky
322,Areia Branca,BR,-4.9561,-37.1369,76.17,81,40,17.31,scattered clouds
323,Lubango,AO,-14.9172,13.4925,49.37,69,5,4.29,clear sky
324,Laguna,US,38.421,-121.4238,90.97,50,75,5.01,broken clouds
325,Palana,RU,59.1167,159.9667,54.86,67,3,6.69,clear sky
326,Nuuk,GL,64.1835,-51.7216,47.88,76,90,11.01,overcast clouds
327,Mount Isa,AU,-20.7333,139.5,76.77,23,0,6.91,clear sky
328,Kutum,SD,14.2,24.6667,68.14,79,100,14.54,overcast clouds
329,Black River,JM,18.0264,-77.8487,82.94,71,5,5.57,clear sky
330,Plettenberg Bay,ZA,-34.0527,23.3716,48.83,71,0,4.83,clear sky
331,Senanga,ZM,-16.1167,23.2667,54.88,33,0,6.13,clear sky
332,Umm Kaddadah,SD,13.6017,26.6876,76.96,66,100,16.33,light rain
333,Barreirinhas,BR,-2.7469,-42.8264,76.96,88,100,9.98,overcast clouds
334,Henties Bay,NA,-22.116,14.2845,54.09,72,94,5.37,overcast clouds
335,Maiduguri,NG,11.8464,13.1603,79.93,66,100,7.67,overcast clouds
336,Severo-Yeniseyskiy,RU,60.3725,93.0408,50.97,85,100,5.35,overcast clouds
337,Tual,ID,-5.6667,132.75,79.32,84,100,17.65,overcast clouds
338,Havoysund,NO,70.9963,24.6622,57.43,86,33,5.5,scattered clouds
339,Paita,PE,-5.0892,-81.1144,62.85,85,6,14.88,clear sky
340,Camacari,BR,-12.6975,-38.3242,76.77,89,1,5.68,clear sky
341,Buraydah,SA,26.326,43.975,88.25,51,98,12.82,overcast clouds
342,Borzna,UA,51.2546,32.4269,60.84,69,6,8.68,clear sky
343,Wuda,CN,39.4994,106.7117,80.37,57,19,19.77,few clouds
344,Tarija,BO,-21.5355,-64.7296,58.91,55,0,0.0,clear sky
345,Yanam,IN,16.7333,82.2167,80.13,89,100,2.48,overcast clouds
346,Hambantota,LK,6.1241,81.1185,75.54,100,75,6.91,moderate rain
347,Dharangaon,IN,21.0167,75.2667,77.05,84,44,6.64,scattered clouds
348,Stare Mesto,CZ,50.087,14.4202,70.47,70,0,4.61,light rain
349,Jinka,ET,5.65,36.65,63.64,82,100,1.7,light rain
350,Pringsewu,ID,-5.3582,104.9744,77.29,90,46,1.01,scattered clouds
351,Atlantic City,US,39.3643,-74.4229,78.04,71,100,9.64,overcast clouds
352,Port Hardy,CA,50.6996,-127.4199,69.98,73,75,11.5,fog
353,Northallerton,GB,54.339,-1.4324,58.91,82,100,4.61,overcast clouds
354,Mahon,ES,39.8885,4.2658,73.96,53,0,5.75,clear sky
355,Yarada,IN,17.65,83.2667,79.12,94,20,2.3,mist
356,Ahipara,NZ,-35.1667,173.1667,58.39,56,13,7.58,few clouds
357,Birjand,IR,32.8663,59.2211,70.27,32,0,6.91,clear sky
358,Kruisfontein,ZA,-34.0033,24.7314,45.07,78,0,6.24,clear sky
359,Haapsalu,EE,58.9431,23.5414,53.91,75,100,9.28,overcast clouds
360,Xining,CN,36.6167,101.7667,64.62,68,7,2.57,clear sky
361,Ibicarai,BR,-14.865,-39.5875,65.64,98,11,0.63,few clouds
362,Seoul,KR,37.5683,126.9778,81.97,86,75,9.22,light rain
363,Charlestown,AU,-32.95,151.6667,62.11,79,100,8.99,light rain
364,Rio Grande,BR,-32.035,-52.0986,50.11,92,14,7.63,few clouds
365,Banjar,ID,-8.19,114.9675,82.15,57,5,1.43,clear sky
366,Bonthe,SL,7.5264,-12.505,76.19,82,100,9.26,overcast clouds
367,Dunedin,NZ,-45.8742,170.5036,49.19,59,100,4.81,overcast clouds
368,Maldonado,UY,-34.6667,-54.9167,51.22,87,98,3.87,overcast clouds
369,Camana,PE,-16.6228,-72.7111,59.25,84,58,4.94,broken clouds
370,Rio Gallegos,AR,-51.6226,-69.2181,39.25,70,0,13.8,clear sky
371,Karasburg,NA,-28.0167,18.75,44.55,35,0,9.78,clear sky
372,Opotiki,NZ,-38.0833,177.2833,56.39,46,0,2.53,clear sky
373,Marsabit,KE,2.3284,37.9899,61.9,77,86,21.79,overcast clouds
374,Manado,ID,1.487,124.8455,86.77,70,20,1.14,few clouds
375,Belyy Yar,RU,53.6039,91.3903,66.85,77,0,2.24,clear sky
376,Eregli,TR,37.5133,34.0467,69.89,29,0,1.79,clear sky
377,Voyvozh,RU,62.892,54.9635,58.62,74,100,7.27,overcast clouds
378,Honningsvag,NO,70.9821,25.9704,56.95,82,100,4.61,overcast clouds
379,Geraldton,AU,-28.7667,114.6,66.61,59,75,24.16,broken clouds
380,Maceio,BR,-9.6658,-35.7353,74.64,88,20,5.75,few clouds
381,San Quintin,MX,30.4833,-115.95,74.14,65,7,10.16,clear sky
382,Boguchany,RU,58.3814,97.4531,68.92,91,99,4.56,overcast clouds
383,Guadalupe Y Calvo,MX,26.1,-106.9667,57.11,93,97,2.39,overcast clouds
384,Aklavik,CA,68.2191,-135.0107,67.21,44,68,4.0,broken clouds
385,Mabai,CN,23.0128,104.4508,67.37,91,100,1.43,overcast clouds
386,Douglas,US,41.3,-96.167,91.06,58,0,10.36,clear sky
387,Montepuez,MZ,-13.1256,38.9997,60.76,87,0,3.96,clear sky
388,Svetlyy,RU,54.675,20.1347,62.96,91,89,7.99,overcast clouds
389,Severo-Kurilsk,RU,50.6789,156.125,54.7,81,73,10.47,broken clouds
390,Zatoka,UA,46.0725,30.4654,72.75,73,100,11.5,overcast clouds
391,Beringovskiy,RU,63.05,179.3167,50.22,62,100,4.88,overcast clouds
392,Alice Springs,AU,-23.7,133.8833,58.55,38,2,18.41,clear sky
393,Omsukchan,RU,62.5333,155.8,60.71,51,52,11.56,broken clouds
394,Yenagoa,NG,4.9247,6.2642,73.54,89,100,6.15,overcast clouds
395,Kaeo,NZ,-35.1,173.7833,64.33,64,6,3.58,clear sky
396,Totness,SR,5.8833,-56.3167,78.78,84,92,8.5,overcast clouds
397,Vila Franca Do Campo,PT,37.7167,-25.4333,70.21,85,9,4.65,clear sky
398,Maridi,SS,4.9158,29.4742,65.88,95,92,4.94,overcast clouds
399,Tarauaca,BR,-8.1614,-70.7656,79.18,67,91,2.89,overcast clouds
400,Vila Velha,BR,-20.3297,-40.2925,71.55,85,75,3.44,broken clouds
401,Kichera,RU,55.9375,110.0997,56.68,99,100,1.3,light rain
402,Ban Mo,TH,14.6154,100.7273,82.29,93,29,5.46,scattered clouds
403,Veraval,IN,20.9,70.3667,81.32,80,92,14.32,overcast clouds
404,Ciudad Bolivar,VE,8.1222,-63.5497,77.11,86,100,10.71,overcast clouds
405,Vila Do Maio,CV,15.1333,-23.2167,76.66,77,65,11.99,broken clouds
406,Turochak,RU,52.2576,87.1224,64.98,82,14,1.74,light rain
407,Sinnamary,GF,5.3833,-52.95,78.31,86,100,6.49,overcast clouds
408,Byron Bay,AU,-28.65,153.6167,63.95,82,100,9.37,overcast clouds
409,Clarence Town,AU,-32.5833,151.7833,59.86,83,100,2.35,light rain
410,Rivers,CA,50.0308,-100.2403,65.23,75,21,4.27,few clouds
411,Iquique,CL,-20.2208,-70.1431,58.75,77,70,0.65,broken clouds
412,Katherine,AU,-14.4667,132.2667,79.12,57,8,3.44,clear sky
413,Konevo,RU,62.1215,39.3192,48.69,98,15,3.6,few clouds
414,Camocim,BR,-2.9022,-40.8411,76.71,87,29,11.9,scattered clouds
415,Tautira,PF,-17.7333,-149.15,76.87,69,90,24.23,overcast clouds
416,Zamardi,HU,46.8849,17.9537,66.94,60,3,4.0,clear sky
417,Souillac,MU,-20.5167,57.5167,68.07,80,26,9.08,scattered clouds
418,Warmbad,NA,-28.45,18.7333,48.49,28,0,11.34,clear sky
419,Deniliquin,AU,-35.5333,144.9667,52.61,70,1,8.88,clear sky
420,Luderitz,NA,-26.6481,15.1594,57.42,52,0,7.0,clear sky
421,Manzhouli,CN,49.6,117.4333,77.97,43,4,4.14,clear sky
422,Candolim,IN,15.5181,73.7626,80.28,87,97,10.87,overcast clouds
423,Hofn,IS,64.2539,-15.2082,50.94,61,76,14.67,broken clouds
424,Shahr-E Babak,IR,30.1165,55.1186,71.87,68,100,3.78,overcast clouds
425,Doha,QA,25.2867,51.5333,93.18,70,0,6.91,clear sky
426,Carutapera,BR,-1.195,-46.02,75.85,93,100,5.1,overcast clouds
427,Bajil,YE,15.0584,43.2851,86.99,49,88,3.36,overcast clouds
428,Gilgit,PK,35.9221,74.3087,77.11,59,100,5.01,overcast clouds
429,Sorland,NO,67.667,12.6934,53.46,85,100,10.49,overcast clouds
430,Imeni Poliny Osipenko,RU,52.4201,136.4853,76.44,71,65,9.82,broken clouds
431,Capitao Poco,BR,-1.7464,-47.0594,72.91,97,100,4.38,moderate rain
432,Sept-Iles,CA,50.2001,-66.3821,65.05,83,83,1.01,broken clouds
433,Naifaru,MV,5.4444,73.3657,76.87,85,100,37.36,moderate rain
434,Nauta,PE,-4.5061,-73.5757,77.16,79,100,0.72,overcast clouds
435,Aden,YE,12.7794,45.0367,83.71,75,5,2.91,clear sky
436,High Prairie,CA,55.4334,-116.4858,71.58,62,100,8.03,overcast clouds
437,Saint-Georges,GD,12.0564,-61.7485,80.38,83,100,16.35,overcast clouds
438,Bathsheba,BB,13.2167,-59.5167,82.06,90,98,19.08,overcast clouds
439,Thinadhoo,MV,0.5333,72.9333,81.46,72,100,15.26,overcast clouds
440,Simao,CN,22.7886,100.9748,68.95,97,100,1.28,light rain
441,Eston,CA,51.1501,-108.7514,77.92,52,49,7.36,scattered clouds
442,Karak,JO,31.1667,35.75,67.59,46,1,4.74,clear sky
443,La Ligua,CL,-32.4524,-71.2311,50.4,94,100,2.28,overcast clouds
444,Quelimane,MZ,-17.8786,36.8883,66.31,90,1,2.73,clear sky
445,Valparaiso,CL,-33.0393,-71.6273,52.2,87,100,9.15,overcast clouds
446,Pemangkat,ID,1.1667,108.9667,79.92,79,95,3.04,overcast clouds
447,Port Lincoln,AU,-34.7333,135.8667,58.69,64,2,15.55,clear sky
448,Namatanai,PG,-3.6667,152.4333,84.42,70,44,11.14,light rain
449,Jiuquan,CN,39.7432,98.5174,75.72,37,47,6.49,scattered clouds
450,Texarkana,US,33.4251,-94.0477,91.24,64,0,13.0,clear sky
451,Ayorou,NE,14.7308,0.9174,81.7,57,100,14.63,overcast clouds
452,Sao Filipe,CV,14.8961,-24.4956,75.49,75,11,6.29,few clouds
453,Sulangan,PH,11.1373,123.7228,81.95,76,100,2.71,overcast clouds
454,Baykit,RU,61.67,96.37,61.47,85,100,3.18,light rain
455,Bilma,NE,18.6853,12.9164,88.34,41,21,6.93,few clouds
456,Escarcega,MX,18.6089,-90.7454,80.53,69,42,4.88,scattered clouds
457,Fort Nelson,CA,58.8053,-122.7002,66.42,83,100,2.17,light rain
458,Marrakesh,MA,31.6315,-8.0083,95.07,34,40,9.22,scattered clouds
459,Davila,PH,18.4726,120.5763,83.89,76,100,10.2,overcast clouds
460,Filingue,NE,14.3521,3.3168,80.85,56,100,12.48,overcast clouds
461,Poso,ID,-1.3959,120.7524,81.34,77,100,1.25,overcast clouds
462,Dakoro,NE,14.5106,6.765,76.71,66,8,8.57,clear sky
463,Husavik,IS,66.0449,-17.3389,41.88,93,100,9.71,overcast clouds
464,Faya,SA,18.3851,42.4509,66.78,63,89,7.2,overcast clouds
465,Lamar,US,33.6668,-95.5836,91.31,49,0,12.66,clear sky
466,Nuristan,AF,35.3,70.8333,45.79,72,1,5.3,clear sky
467,Chicama,PE,-7.8447,-79.1469,59.54,84,16,6.4,few clouds
468,La Ronge,CA,55.1001,-105.2842,63.09,59,69,5.5,broken clouds
469,Guadalajara,MX,20.6667,-103.3333,69.66,75,91,3.24,overcast clouds
470,Erdenet,MN,49.0333,104.0833,68.38,55,47,3.98,scattered clouds
471,Mayor Pablo Lagerenza,PY,-19.9309,-60.7718,75.06,42,48,3.47,scattered clouds
472,Golfito,CR,8.639,-83.166,76.01,93,98,2.13,overcast clouds
473,Tobol,KZ,52.6844,62.5794,61.43,86,40,5.23,scattered clouds
474,Formosa,AR,-26.1775,-58.1781,58.98,77,0,5.75,clear sky
475,Kamenka,RU,51.3223,42.7678,60.8,70,100,8.84,overcast clouds
476,Hartselle,US,34.4434,-86.9353,76.41,100,100,4.34,overcast clouds
477,Lira,UG,2.235,32.9097,64.18,97,100,3.22,light rain
478,Sistranda,NO,63.7256,8.834,51.76,79,100,6.98,moderate rain
479,Jutai,BR,-5.1833,-68.9,75.22,88,86,0.94,overcast clouds
480,Vilya,RU,55.2456,42.2089,54.63,71,98,2.01,overcast clouds
481,Rondonopolis,BR,-16.4708,-54.6356,74.75,31,0,1.03,clear sky
482,Codrington,AU,-38.2667,141.9667,51.76,83,89,17.96,overcast clouds
483,Vardo,NO,70.3705,31.1107,49.98,100,100,0.0,fog
484,Ornskoldsvik,SE,63.2909,18.7153,58.15,100,100,4.61,fog
485,Bandarbeyla,SO,9.4942,50.8122,76.01,77,5,27.63,clear sky
486,Mangrol,IN,21.1167,70.1167,81.05,80,98,14.99,overcast clouds
487,Lyudinovo,RU,53.8664,34.4478,58.51,77,100,4.92,overcast clouds
488,Paris,FR,48.8534,2.3488,70.11,79,0,4.61,clear sky
489,Nabire,ID,-3.3667,135.4833,81.57,79,100,1.34,overcast clouds
490,Mahendragarh,IN,28.2833,76.15,81.54,79,90,6.8,overcast clouds
491,Panguipulli,CL,-39.6333,-72.3333,42.01,98,90,1.48,overcast clouds
492,Wladyslawowo,PL,54.7909,18.4009,55.0,79,42,2.28,scattered clouds
493,Biak,ID,-0.9131,122.8766,77.99,84,100,3.47,overcast clouds
494,Baruun-Urt,MN,46.6806,113.2792,76.3,39,28,6.82,scattered clouds
495,Tomatlan,MX,19.9333,-105.25,81.66,75,98,4.7,overcast clouds
496,Cutlerville,US,42.8409,-85.6636,76.78,66,0,7.29,clear sky
497,Larsnes,NO,62.2028,5.5773,54.01,86,61,3.96,broken clouds
498,General Roca,AR,-39.0333,-67.5833,50.63,51,79,3.83,broken clouds
499,Luangwa,ZM,-15.6167,30.4167,58.15,58,0,2.66,clear sky
500,Gonbad-E Qabus,IR,37.25,55.1672,78.75,72,95,3.42,overcast clouds
501,Katobu,ID,-4.9408,122.5276,79.57,83,95,7.96,overcast clouds
502,Nicolas Bravo,MX,18.45,-88.9167,76.51,91,99,3.78,overcast clouds
503,Hirara,JP,24.8,125.2833,81.45,84,100,10.09,light rain
504,Najran,SA,17.4924,44.1277,75.22,65,82,14.05,broken clouds
505,Fairbanks,US,64.8378,-147.7164,68.59,74,87,1.01,overcast clouds
506,Osoyoos,CA,49.0331,-119.4524,104.74,5,0,7.61,clear sky
507,Rovaniemi,FI,66.5,25.7167,54.81,94,75,4.61,broken clouds
508,Vitim,RU,59.4511,112.5578,64.44,92,100,5.3,light rain
509,Prince Rupert,CA,54.3161,-130.3201,59.09,94,100,3.44,overcast clouds
510,Floro,NO,61.5996,5.0328,53.56,71,45,11.5,scattered clouds
511,Patiya,BD,22.2931,91.9762,80.76,88,37,5.14,scattered clouds
512,Shimoda,JP,34.6667,138.95,92.1,72,47,12.5,scattered clouds
513,Ruteng,ID,-8.6136,120.4721,70.61,65,11,1.48,few clouds
514,Suleja,NG,9.1758,7.1808,69.91,96,46,3.56,light rain
515,Daru,PG,-9.0763,143.2092,79.54,86,56,11.39,broken clouds
516,Xiuyan,CN,40.2928,123.2744,80.87,85,48,3.78,scattered clouds
517,Kokopo,PG,-4.352,152.2633,86.09,61,89,9.75,overcast clouds
518,Qinzhou,CN,21.95,108.6167,87.03,68,0,6.44,clear sky
519,Quzhou,CN,28.9594,118.8686,87.67,64,0,3.67,clear sky
520,Severodvinsk,RU,64.5635,39.8302,53.71,83,100,5.37,overcast clouds
521,Batagay-Alyta,RU,67.8006,130.4114,70.99,53,100,11.95,overcast clouds
522,Mackay,AU,-21.15,149.2,75.69,73,0,7.96,clear sky
523,Ephrata,US,40.1798,-76.1788,71.51,78,100,1.99,light rain
524,Te Anau,NZ,-45.4167,167.7167,45.09,91,100,7.92,light rain
525,Mecca,SA,21.4267,39.8261,88.59,24,100,4.0,overcast clouds
526,Olafsvik,IS,64.8945,-23.7142,48.54,65,100,6.44,overcast clouds
527,Axim,GH,4.8699,-2.2405,74.39,83,100,12.62,overcast clouds
528,Touros,BR,-5.1989,-35.4608,76.51,84,91,12.97,moderate rain
529,Shingu,JP,33.7333,135.9833,88.84,64,80,7.83,broken clouds
530,Iquitos,PE,-3.7481,-73.2472,78.84,94,75,3.44,broken clouds
531,Zabol,AF,32.25,67.25,71.53,53,1,3.4,clear sky
532,Meulaboh,ID,4.1363,96.1285,77.68,86,100,4.34,overcast clouds
533,Maningrida,AU,-12.0667,134.2667,82.63,46,98,9.42,overcast clouds
534,Udachnyy,RU,66.4167,112.4,55.45,87,100,17.65,overcast clouds
535,Iskateley,RU,67.6803,53.1512,64.18,72,100,11.23,overcast clouds
536,Nioro,GM,13.35,-15.75,71.82,94,100,8.57,light rain
537,Petropavlovsk-Kamchatskiy,RU,53.0452,158.6483,59.59,63,75,2.24,broken clouds
538,Mareeba,AU,-17.0,145.4333,72.48,81,99,4.41,overcast clouds
539,Port Hedland,AU,-20.3167,118.5667,71.65,43,37,6.91,scattered clouds
540,Vallenar,CL,-28.5708,-70.7581,62.76,57,100,2.44,overcast clouds
541,Jalu,LY,29.0331,21.5482,82.02,48,0,15.23,clear sky
542,Aksarka,RU,66.5606,67.7975,52.9,74,38,5.44,scattered clouds
543,Newport,GB,51.5877,-2.9984,64.45,78,95,5.37,overcast clouds
544,Ambovombe,MG,-25.1667,46.0833,65.5,91,10,5.75,clear sky
545,Kloulklubed,PW,7.0419,134.2556,75.7,77,100,7.9,overcast clouds
546,Adrar,MR,20.5022,-10.0711,92.59,34,15,12.44,few clouds
547,Cherskiy,RU,68.75,161.3,71.22,35,87,18.52,overcast clouds
548,Shizunai,JP,42.3339,142.3669,69.87,88,100,13.2,light rain
549,Tsumeb,NA,-19.2333,17.7167,58.44,32,2,4.36,clear sky
550,Port Augusta,AU,-32.5,137.7667,56.41,58,0,6.67,clear sky
551,Dolores,AR,-36.3132,-57.6792,48.92,88,16,4.97,few clouds
552,Setermoen,NO,68.861,18.3486,57.43,92,100,2.15,overcast clouds
553,Rongcheng,CN,30.634,117.8517,87.06,73,0,0.98,clear sky
554,Lazaro Cardenas,MX,17.9583,-102.2,82.8,76,87,6.22,overcast clouds
555,Isangel,VU,-19.55,169.2667,75.76,80,98,16.73,overcast clouds
556,Ryotsu,JP,38.0833,138.4333,87.21,64,99,4.83,overcast clouds
557,Bozdar,PK,27.1828,68.636,86.31,72,32,9.26,scattered clouds
558,Ust-Maya,RU,60.4167,134.5333,83.84,45,86,10.92,overcast clouds
559,El Dorado,US,38.7666,-120.5177,89.85,38,11,9.6,few clouds
560,Privolzhye,RU,52.8649,48.6044,60.66,82,0,6.69,clear sky
561,Onega,RU,63.9061,38.1404,51.1,94,88,3.94,overcast clouds
562,Santa Maria Do Suacui,BR,-18.1903,-42.4142,62.73,90,46,1.81,scattered clouds
563,Rosarito,MX,32.3333,-117.0333,81.66,65,1,7.49,clear sky
564,Bloemhof,ZA,-27.6469,25.607,46.08,37,6,8.23,clear sky
565,Zabaykalsk,RU,49.6333,117.3167,78.12,43,5,5.23,clear sky
566,Srednekolymsk,RU,67.45,153.6833,76.28,34,100,12.41,overcast clouds
567,Omboue,GA,-1.5746,9.2618,71.87,92,39,8.9,scattered clouds
568,Porto Santo,PT,33.072,-16.3415,70.18,78,40,12.66,scattered clouds
569,Warri,NG,5.5167,5.75,73.94,90,100,6.24,light rain
570,Terrace,CA,54.5163,-128.6035,75.11,70,100,3.67,overcast clouds
571,Kathua,IN,32.3667,75.5167,75.02,96,100,2.71,overcast clouds
572,Coracora,PE,-15.0333,-73.7833,47.32,41,0,1.36,clear sky
573,Mamaku,NZ,-38.1,176.0833,52.59,53,9,5.5,clear sky
574,Tagusao,PH,9.1924,117.8141,82.18,75,100,4.52,moderate rain
575,Emba,KZ,48.8264,58.1442,72.07,48,100,4.29,overcast clouds
576,Chinsali,ZM,-10.5414,32.0816,59.22,53,0,7.31,clear sky
577,Edgewater,US,28.9889,-80.9023,85.12,81,0,10.27,clear sky
578,Saurimo,AO,-9.6608,20.3916,61.63,34,1,4.29,clear sky
579,Sanmenxia,CN,34.7747,111.1814,83.03,68,0,11.54,clear sky
580,Ambilobe,MG,-13.2,49.05,62.62,85,0,3.67,clear sky
581,Jining,CN,35.405,116.5814,84.49,73,56,1.57,broken clouds
582,Anadyr,RU,64.75,177.4833,61.3,48,20,8.95,few clouds
583,Oranjemund,NA,-28.55,16.4333,53.92,49,0,10.22,clear sky
584,Molepolole,BW,-24.4066,25.4951,56.37,34,45,6.62,scattered clouds
585,Kyshtovka,RU,56.555,76.6271,56.46,94,97,11.77,overcast clouds
586,Sioux Lookout,CA,50.1001,-91.917,62.67,94,100,6.91,overcast clouds
587,Kurmanayevka,RU,52.5093,52.0675,64.27,66,100,4.32,overcast clouds
588,Mocuba,MZ,-16.8392,36.9856,62.76,98,5,1.41,clear sky
589,Skjervoy,NO,70.0311,20.9714,53.6,71,79,3.15,broken clouds
590,Cay,TR,38.5917,31.0286,65.66,75,0,3.98,clear sky
591,Praia Da Vitoria,PT,38.7333,-27.0667,70.75,88,4,5.99,clear sky
592,Gorom-Gorom,BF,14.4439,-0.2361,80.33,63,86,15.48,overcast clouds
593,Inhambane,MZ,-23.865,35.3833,65.79,85,6,5.53,clear sky
594,Sola,VU,-13.8833,167.55,79.84,78,27,17.83,scattered clouds
595,Portland,US,45.5234,-122.6762,100.99,33,20,10.36,few clouds
596,Conceicao Do Araguaia,BR,-8.2578,-49.2647,83.77,40,100,4.92,overcast clouds
597,Marzuq,YE,14.4,46.4667,74.89,68,2,14.12,clear sky
598,Kabanjahe,ID,3.1001,98.4908,67.51,84,100,1.34,light rain
599,Tonj,SS,7.2737,28.6822,68.97,97,97,3.98,light rain
600,Ambulu,ID,-8.345,113.6058,77.61,74,9,1.72,clear sky
601,Birao,CF,10.2849,22.7882,70.97,94,100,4.72,overcast clouds
602,Kuching,MY,1.55,110.3333,79.02,94,20,2.3,few clouds
603,Sabang,ID,5.8933,95.3214,82.31,74,98,15.3,overcast clouds
604,Timra,SE,62.487,17.3257,61.68,94,40,1.14,scattered clouds
605,Moerai,PF,-22.4333,-151.3333,73.26,64,100,19.51,overcast clouds
606,Puerto Narino,CO,-3.7703,-70.3831,76.41,86,100,1.19,overcast clouds
607,San Agustin,MX,20.5333,-103.4667,69.12,68,75,6.91,broken clouds
608,Urumqi,CN,43.801,87.6005,72.55,57,0,4.47,clear sky
609,Mahibadhoo,MV,3.7833,72.9667,81.68,70,100,22.75,overcast clouds
610,Berbera,SO,10.4396,45.0143,89.69,41,100,26.53,overcast clouds
611,Mandurah,AU,-32.55,115.7,55.9,85,100,30.15,light rain
612,Tigre,AR,-34.426,-58.5796,57.2,90,0,0.0,fog
613,Poum,NC,-20.2333,164.0167,73.26,72,96,12.06,overcast clouds
614,Hengshui,CN,37.7322,115.7011,86.97,63,49,3.09,scattered clouds
615,Uglegorsk,RU,49.0833,142.0333,67.77,55,61,7.02,broken clouds
616,Luba,GQ,3.4568,8.5547,76.64,85,100,11.23,light rain
617,Aracati,BR,-4.5617,-37.7697,77.5,78,19,12.84,few clouds
618,Ilam,NP,26.9167,87.9167,69.73,99,100,2.01,overcast clouds
619,Zheleznodorozhnyy,RU,55.7503,38.0042,63.12,73,13,4.05,few clouds
620,Durban,ZA,-29.8579,31.0292,60.03,71,87,1.01,overcast clouds
621,Oume,JP,35.7839,139.2431,92.97,56,77,5.08,broken clouds
622,Ponte Nova,BR,-20.4164,-42.9086,66.15,78,88,2.82,overcast clouds
623,Deputatskiy,RU,69.3,139.9,69.51,64,100,3.91,overcast clouds
624,Hirado,JP,33.3597,129.5531,84.67,73,86,29.57,overcast clouds
625,Barra Patuca,HN,15.8,-84.2833,79.77,85,15,12.15,few clouds
626,Boende,CD,-0.2167,20.8667,72.0,81,74,1.66,broken clouds
627,Ambon,ID,-3.6954,128.1814,82.54,83,40,6.91,scattered clouds
628,Innisfail,AU,-17.5333,146.0333,71.06,89,100,8.46,overcast clouds
629,Manzanillo,CU,20.3433,-77.1167,79.09,84,100,9.1,overcast clouds
630,Kysyl-Syr,RU,63.8986,122.7617,65.66,96,100,5.44,moderate rain
631,Verkh-Usugli,RU,52.7,115.1667,68.36,64,11,6.8,few clouds
632,Stawell,AU,-37.05,142.7667,49.86,81,67,15.43,broken clouds
633,Halifax,CA,44.6453,-63.5724,70.68,81,0,1.01,clear sky
634,Okha,RU,53.5739,142.9478,63.88,70,4,18.05,clear sky
635,Hay River,CA,60.8156,-115.7999,60.26,48,0,8.75,clear sky
636,Saint-Denis,FR,48.9167,2.3333,70.11,77,100,4.61,overcast clouds
637,Ust-Kulom,RU,61.6864,53.6902,61.03,97,100,5.93,light rain
638,Calvillo,MX,21.85,-102.7167,81.54,74,99,0.51,overcast clouds
639,Alofi,NU,-19.0595,-169.9187,77.36,79,3,22.1,clear sky
640,Kenai,US,60.5544,-151.2583,69.03,71,0,17.27,clear sky
641,Rowlett,US,32.9029,-96.5639,99.5,37,75,8.05,broken clouds
642,Coquimbo,CL,-29.9533,-71.3436,53.33,100,20,4.61,few clouds
643,Sobradinho,BR,-12.8333,-39.1,68.47,98,15,4.32,few clouds
644,Douentza,ML,14.9951,-2.9517,77.95,68,100,15.43,light rain
645,Swellendam,ZA,-34.0226,20.4417,42.44,75,0,1.63,clear sky
646,Saiha,IN,22.4833,92.9667,74.25,91,100,0.81,overcast clouds
647,Sidi Ali,DZ,36.0998,0.4206,75.06,84,0,3.0,clear sky
648,La Plata,AR,-34.9215,-57.9545,53.82,79,0,4.63,clear sky
649,Edinburg,GB,55.9521,-3.1965,54.1,83,0,5.75,clear sky
650,Mozarlandia,BR,-14.7447,-50.5706,75.4,25,0,1.01,clear sky
651,Tura,IN,25.5198,90.2201,73.8,99,100,5.75,light rain
652,Wanaka,NZ,-44.7,169.15,44.22,75,93,6.29,moderate rain
653,Altamont,US,42.2068,-121.7372,96.64,15,0,5.75,clear sky
654,Kangaatsiaq,GL,68.3065,-53.4641,41.92,91,6,5.66,clear sky
655,Kargasok,RU,59.0556,80.8572,52.86,74,95,12.71,overcast clouds
656,Togur,RU,58.3631,82.8265,53.92,72,100,11.77,overcast clouds
657,Erenhot,CN,43.6475,111.9767,82.69,38,100,8.05,overcast clouds
658,Zenzeli,RU,45.9241,47.0474,79.18,50,0,4.47,clear sky
659,Sampit,ID,-2.5333,112.95,75.76,88,100,2.35,overcast clouds
660,Bontang,ID,0.1333,117.5,76.15,87,100,1.79,light rain
661,Goderich,CA,43.7501,-81.7165,74.91,67,26,6.31,scattered clouds
662,Shache,CN,38.4167,77.2406,75.36,31,100,14.99,overcast clouds
663,Sibolga,ID,1.7427,98.7792,78.58,83,100,1.99,moderate rain
664,Huarmey,PE,-10.0681,-78.1522,62.65,84,10,9.86,clear sky
665,Camargo,MX,27.6667,-105.1667,90.77,15,90,16.17,overcast clouds
666,Vanavara,RU,60.34,102.2797,68.5,79,17,2.77,few clouds
667,Aranda De Duero,ES,41.6704,-3.6892,68.38,51,0,7.61,clear sky
668,Callaway,US,30.153,-85.5699,84.99,77,20,5.75,few clouds
669,Rawah,IQ,34.4816,41.9093,90.25,21,0,8.14,clear sky
670,Verkhnyaya Inta,RU,65.9811,60.3094,56.95,65,22,7.85,few clouds
671,Lethem,GY,3.3803,-59.7968,75.83,89,100,5.46,overcast clouds
672,Suamico,US,44.6319,-88.0393,77.76,63,0,8.05,clear sky
673,Margate,GB,51.3813,1.3862,65.3,91,100,1.99,overcast clouds
674,Orlik,RU,52.5178,99.825,64.04,61,51,1.7,broken clouds
675,Buala,SB,-8.145,159.5921,85.06,70,21,12.15,light rain
676,Santa Maria,BR,-29.6842,-53.8069,52.38,91,1,4.03,clear sky
677,Esperance,AU,-33.8667,121.9,53.15,54,100,19.28,overcast clouds
678,Shubarkuduk,KZ,49.1447,56.4872,71.19,51,92,3.78,overcast clouds
679,Qeshm,IR,26.9581,56.2719,88.12,83,84,6.06,broken clouds
